{
    "answers": {
        "request001": {
            "relevance": [
                {
                    "docid": 2,
                    "rank": 1.0
                },
                {
                    "docid": 3,
                    "rank": 0.8333333134651184
                },
                {
                    "docid": 0,
                    "rank": 0.8333333134651184
                },
                {
                    "docid": 1,
                    "rank": 0.6666666865348816
                }
            ],
            "result": true
        }
    }
}